[
    {
        "jsonPayload": {
            "@type": "type.googleapis.com/google.pubsub.v1.PubsubMessage",
            "attributes": {
                "deviceId": "LT-3492",
                "subFolder": "pointset",
                "deviceRegistryLocation": "asia-east1",
                "deviceNumId": "3105471515352383",
                "subType": "states",
                "projectId": "labs-333619",
                "deviceRegistryId": "SG-SIN-MBC2"
            },
            "data": {
                "points": {
                    "superimposition_reading": {},
                    "faulty_finding": {},
                    "recalcitrant_angle": {}
                },
                "timestamp": "2022-03-16T15:01:37Z"
            }
        }
    },
    {
        "jsonPayload": {
            "@type": "type.googleapis.com/google.pubsub.v1.PubsubMessage",
            "attributes": {
                "subFolder": "pointset",
                "deviceRegistryId": "SG-SIN-MBC2",
                "projectId": "labs-333619",
                "deviceRegistryLocation": "asia-east1",
                "deviceId": "LT-3492",
                "deviceNumId": "3105471515352383"
            },
            "data": {
                "version": 1,
                "points": {
                    "faulty_finding": {
                        "present_value": false
                    },
                    "recalcitrant_angle": {
                        "present_value": 40
                    },
                    "superimposition_reading": {
                        "present_value": 57
                    }
                },
                "timestamp": "2022-03-16T14:48:25Z"
            }
        }
    },
    {
        "jsonPayload": {
            "@type": "type.googleapis.com/google.pubsub.v1.PubsubMessage",
            "attributes": {
                "subFolder": "system",
                "deviceNumId": "3105471515352383",
                "deviceRegistryId": "SG-SIN-MBC2",
                "subType": "states",
                "deviceRegistryLocation": "asia-east1",
                "deviceId": "LT-3492",
                "projectId": "labs-333619"
            },
            "data": {
                "statuses": {},
                "operational": true,
                "firmware": {
                    "version": "v1"
                },
                "make_model": "DAQ_pubber",
                "timestamp": "2022-03-16T15:01:37Z",
                "last_config": "2022-01-15T04:49:55Z",
                "serial_no": "pubber-pool-7964c7d4b7-mkl42-1"
            }
        }
    },
    {
        "jsonPayload": {
            "@type": "type.googleapis.com/google.pubsub.v1.PubsubMessage",
            "attributes": {
                "deviceRegistryLocation": "asia-east1",
                "deviceId": "LT-3492",
                "deviceRegistryId": "SG-SIN-MBC2",
                "projectId": "labs-333619",
                "deviceNumId": "3105471515352383",
                "subFolder": "system"
            },
            "data": {
                "timestamp": "2022-03-16T15:19:45Z",
                "logentries": [
                    {
                        "message": "Sent 830 messages",
                        "category": "pubber",
                        "level": 400,
                        "timestamp": "2022-03-16T15:19:45Z"
                    }
                ],
                "version": 1
            }
        }
    }
]