{
    "attributes": {
        "deviceId": "LT-3492",
        "subFolder": "pointset",
        "deviceRegistryLocation": "asia-east1",
        "deviceNumId": "3105471515352383",
        "subType": "states",
        "projectId": "labs-333619",
        "deviceRegistryId": "SG-SIN-MBC2"
    },
    "data": "eyJwb2ludHMiOnsic3VwZXJpbXBvc2l0aW9uX3JlYWRpbmciOnt9LCJmYXVsdHlfZmluZGluZyI6e30sInJlY2FsY2l0cmFudF9hbmdsZSI6e319LCJ0aW1lc3RhbXAiOiIyMDIyLTAzLTE2VDE1OjAxOjM3WiJ9",
    "@type": "type.googleapis.com/google.pubsub.v1.PubsubMessage"
}